;SMILES;FIA;FIA (COSMO);AN;WERC;pKh;Ea;Ca;Yield;Excess_AvsB;Cook1963;Frazer1962;Lappert;50microA_CH2Cl2;50microA_DMF;Delta_Epa_Maity;Delta_E1/2_DPV_Maity;Complexing_power;Potentiel_pic_3eq;Potentiel_pic_1eq;Equivalents;In Silico Beckett-Childs
0;Br[C+](Br)Br;871.0;343.0;;;;;;;;;;;;;;;;;;;
1;Br[P+]Br;973.0;431.0;;;;;;;;;;;;;;;;;;;
2;Br[Te+](Br)Br;786.0;;;;;;;;;;;;;;;;;;;;
3;C1=CCCC=CCC1.[Cl-].[Rh+];;;;;;4.93;1.25;;;;;;;;;;;;;;
4;C1=Cc2nc1c(-c1ccccc1)c1ccc([n-]1)c(-c1ccccc1)c1nc(c(-c3ccccc3)c3ccc([n-]3)c2-c2ccccc2)C=C1.[Co+2];;;;;;4.44;0.58;;;;;;;;;;;;;;
5;C1=Cc2nc1c(-c1ccccc1)c1ccc([n-]1)c(-c1ccccc1)c1nc(c(-c3ccccc3)c3ccc([n-]3)c2-c2ccccc2)C=C1.[Zn+2];;;;;;5.15;620.0;;;;;;;;;;;;;;
6;CC(=N\[O-])/C(C)=N/O.CC(=N\[O-])/C(C)=N/O.C[Co+2];;;;;;9.14;1.53;;;;;;;;;;;;;;
7;CC(=O)/C=C(/C)[O-].CC(=O)/C=C(/C)[O-].[O-2].[V+4];;;103.8;;;;;;;;;;;;;;;;;;
8;CC(C)(C)[P+](F)(C(C)(C)C)C(C)(C)C;619.0;;;;;;;;;;;;;;;;;;;;
9;CC(C)(C)[P+]1(C(C)(C)C)CB(c2c(F)c(F)c(F)c(F)c2F)c2c(F)c(F)c(F)c(F)c21;;;87.3;;;;;;;;;;;;;;;;;;
10;CC(C)(C)[P+]1(C(C)(C)C)CB(c2cc(F)c(F)c(F)c2F)c2c(F)c(F)c(F)c(F)c21;;;85.7;;;;;;;;;;;;;;;;;;
11;CC(C)(C)[PH+](c1c(F)c(F)c(F)c(B(c2c(F)c(F)c(F)c(F)c2F)c2c(F)c(F)c(F)c(F)c2F)c1F)C(C)(C)C;;;80.2;;;;;;;;;;;;;;;;;;
12;CC(C)[P+](c1c(F)c(F)c(F)c(B(c2c(F)c(F)c(F)c(F)c2F)c2c(F)c(F)c(F)c(F)c2F)c1F)(C(C)C)C(C)C;;;85.6;;;;;;;;;;;;;;;;;;
13;CC(C)c1cc(C(C)C)c([Si+](c2c(C(C)C)cc(C(C)C)cc2C(C)C)c2c(C(C)C)cc(C(C)C)cc2C(C)C)c(C(C)C)c1;744.0;571.0;;;;;;;;;;;;;;;;;;;
14;CC1(C)c2cccc([Sb+2](c3ccccc3)c3ccccc3)c2Oc2c([Sb+2](c3ccccc3)c3ccccc3)cccc21;360.0;;;;;;;;;;;;;;;;;;;;
15;CCCCCCCC[Si]1(C)OB(c2cccc([N+](=O)[O-])c2)OB(c2cccc([N+](=O)[O-])c2)O[Si](C)(CCCCCCCC)O1;;;62.0;;;;;;;;;;;;;;;;;;
16;CC[Al+2];481.0;;;;;;;;;;;;;;;;;;;;
17;CC[Si+](c1c(C(C)C)cc(C(C)C)cc1C(C)C)c1c(C(C)C)cc(C(C)C)cc1C(C)C;794.0;614.0;;;;;;;;;;;;;;;;;;;
18;CC[Zn+];716.0;;;;;;;;;;;;;;;;;;;;
19;CN(C)c1c(F)c(F)c([C+](c2c(F)c(F)c(N(C)C)c(F)c2F)c2c(F)c(F)c(N(C)C)c(F)c2F)c(F)c1F;524.0;;;;;;;;;;;;;;;;;;;;
20;CN(CCC/N=C/c1ccccc1[O-])CCC/N=C/c1ccccc1[O-].[Ni+2];;;;;;3.94;500.0;;;;;;;;;;;;;;
21;CN1CCN(C)[P+]1;721.0;344.0;;;;;;;;;;;;;;;;;;;
22;COc1c(F)c(F)c([C+](c2c(F)c(F)c(OC)c(F)c2F)c2c(F)c(F)c(OC)c(F)c2F)c(F)c1F;601.0;;;;;;;;;;;;;;;;;;;;
23;CS[P+]SC;802.0;417.0;;;;;;;;;;;;;;;;;;;
24;C[Al+]C;960.0;;;;;;;;;;;;;;;;;;;;
25;C[As+]C;915.0;;;;;;;;;;;;;;;;;;;;
26;C[B+]C;1007.0;;;;;;;;;;;;;;;;;;;;
27;C[C+](C)C;836.0;;;;;;;;;;;;;;;;;;;;
28;C[Ga+]C;853.0;;;;;;;;;;;;;;;;;;;;
29;C[Ge+](C)C;875.0;;;;;;;;;;;;;;;;;;;;
30;C[In+]C;832.0;;;;;;;;;;;;;;;;;;;;
31;C[P+]C;959.0;535.0;;;;;;;;;;;;;;;;;;;
32;C[Si+2]C.[C-]1C=CC=C1;817.0;;;;;;;;;;;;;;;;;;;;
33;C[Si+](C)C;641.75;301.0;;;;;;;;;;;;-1.16;;;;-1.48;-1.35;3;
34;C[Si+](C)CCC[SiH](C)C;815.0;;;;;;;;;;;;;;;;;;;;
35;C[Si+](C)c1c(-c2c(F)cccc2F)cccc1-c1c(F)cccc1F;811.0;;;;;;;;;;;;;;;;;;;;
36;C[Si+](C)c1cccc2cccc([SiH](C)C)c12;757.0;;;;;;;;;;;;;;;;;;;;
37;C[Si+]12(C)CC3CC1=C2C3;807.0;;;;;;;;;;;;;;;;;;;;
38;C[Si](C)(C)[N-][Si](C)(C)C.C[Si](C)(C)[N-][Si](C)(C)C.[Zn+2];;;;;;5.16;1.07;;;;;;;;;;;;;;
39;C[Sn+](C)C;826.0;;;;;;;;;;;;;;;;;;;;
40;C[Sn+](C)C.[Cl-];;;63.8;;;5.76;0.03;;;;;;;;;;;;;;
41;C[Zn+];921.0;;;;;;;;;;;;;;;;;;;;
42;C[n+]1cc[n+](C)[p-]1;651.0;277.0;;;;;;;;;;;;;;;;;;;
43;Cc1c(C)c(C)[c-](C)c1C.[Be+2];993.0;;;;;;;;;;;;;;;;;;;;
44;Cc1c(C)c(C)[c-](C)c1C.[Ge+2];693.0;;;;;;;;;;;;;;;;;;;;
45;Cc1c(C)c(C)[c-](C)c1C.[Pb+2];648.0;;;;;;;;;;;;;;;;;;;;
46;Cc1c(C)c(C)[c-](C)c1C.[Sn+2];684.0;;;;;;;;;;;;;;;;;;;;
47;Cc1c(C)c(C)c([Si+](c2c(C)c(C)c(C)c(C)c2C)c2c(C)c(C)c(C)c(C)c2C)c(C)c1C;768.0;594.0;;;;;;;;;;;;;;;;;;;
48;Cc1c([SiH](C)C)c([Si+](C)C)c([SiH](C)C)c([SiH](C)C)c1[SiH](C)C;681.0;;;;;;;;;;;;;;;;;;;;
49;Cc1cc(C)c(C)c([Si+](c2c(C)c(C)cc(C)c2C)c2c(C)c(C)cc(C)c2C)c1C;787.0;610.0;;;;;;;;;;;;;;;;;;;
50;Cc1cc(C)c([PH+](c2c(C)cc(C)cc2C)c2c(F)c(F)c(F)c(B(c3c(F)c(F)c(F)c(F)c3F)c3c(F)c(F)c(F)c(F)c3F)c2F)c(C)c1;;;84.6;;;;;;;;;;;;;;;;;;
51;Cc1cc(C)c([Si+](c2c(C)cc(C)cc2C)c2c(C)cc(C)cc2C)c(C)c1;800.0;620.0;;;;;;;;;;;;;;;;;;;
52;Cc1cccc(C)c1-c1cccc(-c2c(C)cccc2C)c1[Si+](C)C;797.0;;;;;;;;;;;;;;;;;;;;
53;Cc1cccc(C)c1[Si+](c1c(C)cccc1C)c1c(C)cccc1C;818.0;633.0;;;;;;;;;;;;;;;;;;;
54;Cl[C+](Cl)Cl;904.0;359.0;;;;;;;;;;;;;;;;;;;
55;Cl[P+]Cl;1003.0;445.0;;;;;;;;;;;;;;;;;;;
56;Cl[Si+](Cl)Cl;1111.0;;;;;;;;;;;;;;;;;;;;
57;Cl[Te+](Cl)Cl;831.0;;;;;;;;;;;;;;;;;;;;
58;Clc1c(Cl)c(Cl)c([C+](c2c(Cl)c(Cl)c(Cl)c(Cl)c2Cl)c2c(Cl)c(Cl)c(Cl)c(Cl)c2Cl)c(Cl)c1Cl;570.0;202.0;;;;;;;;;;;;;;;;;;;
59;FC(F)(F)C(O[Nb+3](OC(C(F)(F)F)(C(F)(F)F)C(F)(F)F)OC(C(F)(F)F)(C(F)(F)F)C(F)(F)F)(C(F)(F)F)C(F)(F)F;530.0;;;;;;;;;;;;;;;;;;;;
60;FC(F)(F)C(O[Nb+3](OC(C(F)(F)F)C(F)(F)F)OC(C(F)(F)F)C(F)(F)F)C(F)(F)F;496.0;;;;;;;;;;;;;;;;;;;;
61;FC(F)(F)C(O[Ta+3](OC(C(F)(F)F)C(F)(F)F)OC(C(F)(F)F)C(F)(F)F)C(F)(F)F;511.0;;;;;;;;;;;;;;;;;;;;
62;F[B+]F;1227.0;;;;;;;;;;;;;;;;;;;;
63;F[Br+]F.[F-];308.0;;;;;;;;;;;;;;;;;;;;
64;F[C+](F)F;1136.0;497.0;;;;;;;;;;;;;;;;;;;
65;F[Cl+2](F)F.[F-].[F-];313.0;;;;;;;;;;;;;;;;;;;;
66;F[N+]F;1082.0;;;;;;;;;;;;;;;;;;;;
67;F[P+](F)(F)F;1561.0;;;;;;;;;;;;;;;;;;;;
68;F[P+](c1ccccc1)(c1ccccc1)c1ccccc1;657.0;;;;;;;;;;;;;;;;;;;;
69;F[P+]F;1129.0;480.0;;;;;;;;;;;;;;;;;;;
70;F[S+](F)(F)(F)F;1252.0;;;;;;;;;;;;;;;;;;;;
71;F[S+](F)F;882.0;;;;;;;;;;;;;;;;;;;;
72;F[Si+](F)F;1294.0;;;;;;;;;;;;;;;;;;;;
73;F[Te+](F)F;957.0;;;;;;;;;;;;;;;;;;;;
74;F[Xe+](F)F.[F-];239.0;;;;;;;;;;;;;;;;;;;;
75;Fc1c(F)c(F)c(B(c2c(F)c(F)c(F)c(F)c2F)c2c(F)c(F)c(F)c([P+](C3CCCCC3)(C3CCCCC3)C3CCCCC3)c2F)c(F)c1F;;;85.2;;;;;;;;;;;;;;;;;;
76;Fc1c(F)c(F)c(O[P+](c2c(F)c(F)c(F)c(F)c2F)(c2c(F)c(F)c(F)c(F)c2F)c2c(F)c(F)c(F)c(F)c2F)c(F)c1F;743.0;;;;;;;;;;;;;;;;;;;;
77;Fc1c(F)c(F)c([C+](c2c(F)c(F)c(F)c(F)c2F)c2c(F)c(F)c(F)c(F)c2F)c(F)c1F;640.0;244.0;;;;;;;;;;;;;;;;;;;
78;Fc1c(F)c(F)c([P+](F)(c2c(F)c(F)c(F)c(F)c2F)c2c(F)c(F)c(F)c(F)c2F)c(F)c1F;1350.0;;;;;;;;;;;;;;;;;;;;
79;Fc1c(F)c(F)c([P+](F)(c2ccccc2)c2c(F)c(F)c(F)c(F)c2F)c(F)c1F;742.0;;;;;;;;;;;;;;;;;;;;
80;Fc1c(F)c(F)c([P+](F)(c2ccccc2)c2ccccc2)c(F)c1F;700.0;;;;;;;;;;;;;;;;;;;;
81;Fc1c(F)c(F)c([P+](Oc2ccccc2)(c2c(F)c(F)c(F)c(F)c2F)c2c(F)c(F)c(F)c(F)c2F)c(F)c1F;704.0;;;;;;;;;;;;;;;;;;;;
82;Fc1cc(F)c(F)c([P+](F)(c2c(F)c(F)cc(F)c2F)c2c(F)c(F)cc(F)c2F)c1F;1200.0;;;;;;;;;;;;;;;;;;;;
83;Fc1cc([N-]c2c(F)c(F)c(F)c(F)c2F)c(F)c(F)c1FFc1cc([N-]c2c(F)c(F)c(F)c(F)c2F)c(F)c(F)c1F[Ga+3];;;;;;;;;;;;;;;;;;;;;
84;Fc1ccc(O[P+](c2c(F)c(F)c(F)c(F)c2F)(c2c(F)c(F)c(F)c(F)c2F)c2c(F)c(F)c(F)c(F)c2F)c(F)c1;718.0;;;;;;;;;;;;;;;;;;;;
85;Fc1ccc(O[P+](c2c(F)c(F)c(F)c(F)c2F)(c2c(F)c(F)c(F)c(F)c2F)c2c(F)c(F)c(F)c(F)c2F)cc1;712.0;;;;;;;;;;;;;;;;;;;;
86;Fc1ccc([P+](F)(c2ccc(F)cc2)c2ccc(F)cc2)cc1;895.0;;;;;;;;;;;;;;;;;;;;
87;I[C+](I)I;813.0;302.0;;;;;;;;;;;;;;;;;;;
88;I[P+]I;920.0;395.0;;;;;;;;;;;;;;;;;;;
89;I[Te+](I)I;735.0;;;;;;;;;;;;;;;;;;;;
90;O=C(/C=C(\[O-])C(F)(F)F)C(F)(F)F.O=C(/C=C(\[O-])C(F)(F)F)C(F)(F)F.[Cu+2];;;;;;3.46;1.32;;;;;;;;;;;;;;
91;O=C(C(C(=O)C(F)(F)F)[Sc+3](N(C(=O)C(F)(F)F)C(=O)C(F)(F)F)N(C(=O)C(F)(F)F)C(=O)C(F)(F)F)C(F)(F)F;424.0;;;;;;;;;;;;;;;;;;;;
92;O=C(O[Sc+3](OC(=O)C(F)(F)F)OC(=O)C(F)(F)F)C(F)(F)F;507.0;;;;;;;;;;;;;;;;;;;;
93;O=C([O-])C(F)(F)F.O=C([O-])C(F)(F)F.O=C([O-])C(F)(F)F.[Al+3];485.0;;;;;;;;;;;;;;;;;;;;
94;O=S(=O)(N([Sc+3](N(S(=O)(=O)C(F)(F)F)S(=O)(=O)C(F)(F)F)N(S(=O)(=O)C(F)(F)F)S(=O)(=O)C(F)(F)F)S(=O)(=O)C(F)(F)F)C(F)(F)F;474.0;;;;;;;;;;;;;;;;;;;;197
95;O=S(=O)(O[Sc+3](OS(=O)(=O)C(F)(F)F)OS(=O)(=O)C(F)(F)F)C(F)(F)F;516.0;;;;;;;;;;;;;;;;;-1.35;-1.50;6;198
96;O=[Cl+2][O-];907.0;;;;;;;;;;;;;;;;;;;;
97;O=[N+]([O-])F;80.0;;;;;;;;;;;;;;;;;;;;
98;O=[N+]([O-])c1cccc(B2OB(c3cccc([N+](=O)[O-])c3)OB(c3cccc([N+](=O)[O-])c3)O2)c1;;;52.6;;;;;;;;;;;;;;;;;;
99;O=[N+]([O-])c1cccc(B2OB(c3cccc([N+](=O)[O-])c3)O[Si](c3ccccc3)(c3ccccc3)O[Si](c3ccccc3)(c3ccccc3)O2)c1;;;46.0;;;;;;;;;;;;;;;;;;
100;O=[S+](F)(c1ccccc1)c1ccccc1;556.0;585.0;;;;;;;;;;;;;;;;;;;
101;O=[S+]1(F)c2ccccc2-c2ccccc21;630.0;;;;;;;;;;;;;;;;;;;;
102;O=[Xe+2](F)F.[F-].[F-];267.0;;;;;;;;;;;;;;;;;;;;
103;[Ag+5].[F-].[F-].[F-].[F-].[F-];525.0;;;;;;;;;;;;;;;;;;;;
104;[Ag+];;;65.9;5.0;12.0;;;;;;;;;;;;;;;;70
105;[Al+3];515.9;;;1.6e-06;4.97;;;;;;;;;;;;2.35;;;;
106;[Al+3].[Br-].[Br-].[Br-];494.0;;;;;;;;;163.0;;138.0;;;;;;;;;
107;[Al+3].[Cl-].[Cl-].[Cl-];516.0;;106.2;;;;;;;;-35.0;117.0;;;;;;;;;
108;[Al+3].[Cl-].[Cl-].[F-];481.0;;;;;;;;;;;;;;;;;;;;
109;[Al+3].[Cl-].[F-].[F-];500.0;;;;;;;;;;;;;;;;;;;;
110;[Al+3].[F-].[F-];1196.0;;;;;;;;;;;;;;;;;;;;
111;[Al+3].[F-].[F-].[F-];502.0;;;;;;;;;;;;;;;;;;;;
112;[Au+5].[F-].[F-].[F-].[F-].[F-];571.0;;;;;;;;;;;;;;;;;;;;
113;[Ba+2];;;50.7;60.0;13.47;;;;;;;;;;;;0.28;;;;
114;[Be+2].[F-];1276.0;;;;;;;;;;;;;;;;;;;;
115;[Be+2].[F-].[F-];376.0;;;;;;;;;;;;;;;;;;;;
116;[Be+2].c1cc[cH-]c1;1048.0;;;;;;;;;;;;;;;;;;;;
117;[Bi+3];;;;;1.09;;;;;;-51.0;;;;;;;;;;
118;[Bi+3].[Br-].[Br-].[Br-];;;;;;;;;;;-46.0;;;;;;;;;;
119;[Bi+3].[Cl-].[Cl-].[Cl-];;;;;;;;53.0;-52.0;59.0;-40.0;;;;;;;;;;
120;[Br-].[Br-].[Br-].[Br-].[Sn+4];;;;;;;;;;136.0;;111.0;;;;;;;;;
121;[Br-].[Br-].[Br-].[Br-].[Ti+4];;;;;;;;;;181.0;;128.0;;;;;;;;;
122;[Br-].[Br-].[Br-].[Fe+3];;;;;;;;;;154.0;;;;;;;;;;;
123;[Br-].[Br-].[Br-].[Ga+3];436.0;;;;;;;;;;;;;;;;;;;;
124;[Br-].[Br-].[Br-].[In+3];467.0;;;;;;;;;;;107.0;;;;;;;;;
125;[Br-].[Br-].[Ca+2];;;;;;;;;;52.0;;;;;;;;;;;
126;[Br-].[Br-].[Cd+2];;;;;;;;;;;-35.0;;;;;;;;;;
127;[Br-].[Br-].[Hg+2];;;;;;;;;;54.0;-34.0;;;;;;;;;;
128;[C-]#[O+].[C-]#[O+].[Cl-].[Rh+];;;;;;8.72;2.02;;;;;;;;;;;;;;
129;[C-]1C=CC=C1.[Ge+2];761.0;;;;;;;;;;;;;;;;;;;;
130;[C-]1C=CC=C1.[Pb+2];698.0;;;;;;;;;;;;;;;;;;;;
131;[C-]1C=CC=C1.[Sn+2];738.0;;;;;;;;;;;;;;;;;;;;
132;[CH3+];1112.0;501.0;;;;;;;;;;;;;;;;;;;
133;[Ca+2];;;61.3;50.0;12.85;;;;;;;;-1465;-1.44;0.19;107.0;0.5;-1.24;-1.21;2;11
134;[Ca+2].[Cl-].[Cl-];;;;;;;;;;47.0;;;;;;;;-1.67;-1.67;8;
135;[Cd+2];;;60.5;100.0;10.08;;;;;;;;;;0.27;148.0;1.3;;;;
136;[Cd+2].[Cl-].[Cl-];;;;;;;;;;34.0;-14.0;;;;;;;;;;
137;[Ce+3];;;63.3;270.0;8.3;;;;;;;;;;;;;;;;
138;[Ce+4];;;82.1;;;;;;;;;;;;;;;;;;
139;[Cl-].[Cl-].[Cl-].[Cl-].[Cl-].[Cl-].[W+6];;;;;;;;69.0;-14.0;;;;;;;;;;;;
140;[Cl-].[Cl-].[Cl-].[Cl-].[Cl-].[Mo+5];;;;;;;;64.0;18.0;;;;;;;;;;;;
141;[Cl-].[Cl-].[Cl-].[Cl-].[Cl-].[Nb+5];;;106.1;;;;;85.0;44.0;;;;;;;;;;;;
142;[Cl-].[Cl-].[Cl-].[Cl-].[Cl-].[Re+5];;;;;;;;63.0;58.0;;;;;;;;;;;;
143;[Cl-].[Cl-].[Cl-].[Cl-].[Cl-].[Sb+5];;;;;;;;53.0;52.0;252.0;;;;;;;;;;;
144;[Cl-].[Cl-].[Cl-].[Cl-].[Cl-].[Ta+5];;;;;;;;75.0;28.0;;;;;;;;;;;;
145;[Cl-].[Cl-].[Cl-].[Cl-].[Cl-].[W+5];;;;;;;;72.0;0.0;;;;;;;;;;;;
146;[Cl-].[Cl-].[Cl-].[Cl-].[Ge+4];;;;;;;;27.0;-66.0;;;4.0;;;;;;;;;
147;[Cl-].[Cl-].[Cl-].[Cl-].[Hf+4];;;;;;;;47.0;58.0;;;;;;;;;;;;
148;[Cl-].[Cl-].[Cl-].[Cl-].[Sn+4];;;;;;;;77.0;78.0;133.0;;128.0;;;;;;;;;
149;[Cl-].[Cl-].[Cl-].[Cl-].[Ti+4];;;;;;;;96.0;92.0;175.0;;128.0;;;;;;;;;
150;[Cl-].[Cl-].[Cl-].[Cl-].[Zr+4];;;;;;;;75.0;90.0;167.0;;128.0;;;;;;;;;
151;[Cl-].[Cl-].[Cl-].[Cr+3];;;;;;;;;;;-34.0;;;;;;;;;;
152;[Cl-].[Cl-].[Cl-].[Fe+3];;;;;;;;100.0;-40.0;141.0;-43.0;85.0;;;;;;;;;
153;[Cl-].[Cl-].[Cl-].[Ga+3];432.0;;;;;;;91.0;86.0;;-34.0;141.0;;;;;;;;;
154;[Cl-].[Cl-].[Cl-].[In+3];469.0;;;;;;;92.0;-66.0;59.0;-34.0;113.0;;;;;;;;;
155;[Cl-].[Cl-].[Cl-].[Mo+3];;;;;;;;70.0;-14.0;;;;;;;;;;;;
156;[Cl-].[Cl-].[Cl-].[Os+3];;;;;;;;34.0;-44.0;;;;;;;;;;;;
157;[Cl-].[Cl-].[Cl-].[Re+3];;;;;;;;60.0;-16.0;;;;;;;;;;;;
158;[Cl-].[Cl-].[Cl-].[Ru+3];;;116.2;;;;;36.0;-12.0;;;;;;;;;;;;
159;[Cl-].[Cl-].[Cl-].[Sb+3];;;;;;;;47.0;54.0;;-76.5;;;;;;;;;;
160;[Cl-].[Cl-].[Cl-].[Sc+3];;;;;;;;68.0;-94.0;;;;;;;;;;;;
161;[Cl-].[Cl-].[Cl-].[Tl+3];;;;;;;;84.0;-22.0;;-33.0;;;;;;;;;;
162;[Cl-].[Cl-].[Cl-].[V+3];;;78.2;;;;;;;;;;;;;;;;;;
163;[Cl-].[Cl-].[Cl-].[Y+3];;;;;;;;12.0;-98.0;;;;;;;;;;;;
164;[Cl-].[Cl-].[Cl-].[Yb+3];;;;;;;;28.0;-98.0;;;;;;;;;;;;
165;[Cl-].[Cl-].[Co+2];;;;;;;;36.0;-82.0;50.0;;;;;;;;;;;
166;[Cl-].[Cl-].[Fe+2];;;87.7;;;;;22.0;-68.0;;-42.0;;;;;;;;;;
167;[Cl-].[Cl-].[Hg+2];;;60.8;;;;;;;52.0;;;;;;;;;;;
168;[Cl-].[Cl-].[Hg+][Hg+];;;24.8;;;;;;;;;;;;;;;;;;
169;[Cl-].[Cl-].[Mg+2];;;;;;;;;;;-26.0;;;-1.56;;;;-1.32;-1.67;8;
170;[Cl-].[Cl-].[Mn+2];;;;;;;;;;;;;;-1.5;;;;;;;
171;[Cl-].[Cl-].[O-2].[Zr+4];;;93.5;;;;;;;;;;;;;;;;;;
172;[Cl-].[Cl-].[Pt+2];;;;;;;;64.0;-78.0;;;;;;;;;;;;
173;[Cl-].[Cl-].[Sn+2];;;76.3;;;;;66.0;4.0;;;;;;;;;;;;
174;[Cl-].[Cl-].[Zn+2];;;;;;;;23.0;-2.0;57.0;-39.0;;;;;;;;;;
175;[Cl-].[Cu+];;;75.7;;;;;60.0;-82.0;;;;;;;;;;;;
176;[Co+2];;;66.4;0.2;9.65;;;;;;;;;;;;2.16;;;;
177;[Cr+3];;;75.4;58.0;4.0;;;;;;;;;;;;;;;;
178;[Cs+];;;26.48;;;;;;;;;;;;;;15;;;;
179;[Cu+2];;;71.0;200.0;7.53;;;;;;;;;;;;2.44;;;;
180;[Dy+3];;;;63.0;8.0;;;;;;;;;;;;;;;;
181;[Er+3];;;;140.0;7.9;;;;;;;;;;;;;;;;
182;[Eu+3];;;;650.0;7.8;;;;;;;;;;;;;;;;
183;[F-].[F-].[F-].[F-].[F-].[Ir+5];563.0;;;;;;;;;;;;;;;;;;;;
184;[F-].[F-].[F-].[F-].[F-].[Mo+5];440.0;;;;;;;;;;;;;;;;;;;;
185;[F-].[F-].[F-].[F-].[F-].[Os+5];552.0;;;;;;;;;;;;;;;;;;;;
186;[F-].[F-].[F-].[F-].[F-].[Pd+5];533.0;;;;;;;;;;;;;;;;;;;;
187;[F-].[F-].[F-].[F-].[F-].[Pt+5];546.0;;;;;;;;;;;;;;;;;;;;
188;[F-].[F-].[F-].[F-].[F-].[Re+5];487.0;;;;;;;;;;;;;;;;;;;;
189;[F-].[F-].[F-].[F-].[F-].[Rh+5];506.0;;;;;;;;;;;;;;;;;;;;
190;[F-].[F-].[F-].[F-].[F-].[Ru+5];517.0;;;;;;;;;;;;;;;;;;;;
191;[F-].[F-].[F-].[F-].[F-].[Sb+5];506.0;439.0;;;;;;;;243.0;;;;;;;;;;;
192;[F-].[F-].[F-].[F-].[F-].[Tc+5];433.0;;;;;;;;;;;;;;;;;;;;
193;[F-].[F-].[F-].[F-].[F-].[W+5];472.0;;;;;;;;;;;;;;;;;;;;
194;[F-].[F-].[F-].[F-].[Ge+4];418.0;;;;;;;;;;;;;;;;;;;;
195;[F-].[F-].[F-].[F-].[Mo+4];382.0;;;;;;;;;;;;;;;;;;;;
196;[F-].[F-].[F-].[Ga+3];461.0;;;;;;;;;;;;;;;;;;;;
197;[F-].[F-].[F-].[In+3];450.0;;;;;;;;;;;;;;;;;;;;
198;[F-].[F-].[F-].[Mo+5].[O-2];418.0;;;;;;;;;;;;;;;;;;;;
199;[F-].[F-].[Mg+2];404.0;;;;;;;;;;;;;;;;;;;;
200;[F-].[Li+];309.0;;;;;;;;;;;;;;;;;;;;
201;[F-].[Mg+2];1037.0;;;;;;;;;;;;;;;;;;;;
202;[F-].[Na+];273.0;;;;;;;;;;;;;;;;;;;;
203;[Fe+2];;;69.0;3.2;9.5;;;;;;;;;;;;1.6;;;;
204;[Fe+3];;;79.15;;;;;;;;;;;;;;4.1;;;;
205;[Ga+3];433.0;;;0.0007599999999999999;2.6;;;;;;;;;;;;2.42;;;;
206;[Gd+3];;;;63.0;8.0;;;;;;;;;;;;;;;;
207;[Ge+4];472.0;;;;;;;;;;;;;;;;;;;;
208;[H+];;;;;;;;;;;;;;;;;1.1;;;;
209;[Hf+4];;;;;0.25;;;;;;;;;;;;;;;;
210;[Hg+2];;;;2000.0;3.4;;;;;;-36.0;;;;;;;;;;
211;[Ho+3];;;;61.0;8.0;;;;;;;;;;;;;;;;
212;[In+3];457.0;;;0.04;4.0;;;;;;;;;;;;2.32;;;;
213;[K+];;;33875;150.0;14.46;;;;;;;;;;-0.05;-16.0;0.05;;;;
214;[La+3];;;54.5;210.0;8.5;;;;;;;;;;;;;;;;
215;[Li+];774.0;;42.46;47.0;13.64;;;;;;;;-1.46;;0.09;73.0;0.4;;;;
216;[Lu+3];;;;60.0;7.6;;;;;;;;;;;;;;;;
217;[Mg+2];;;54.3;0.53;11.44;;;;;;;;-1335;-1.53;0.27;141.0;1.15;-1.44;-1.38;5;23
218;[Mn+2];;;62.4;31.0;10.59;;;;;;;;;;;;2.25;;;;
219;[NH4+];;;24.2;;;;;;;;;;;;;;;;;;
220;[Na+];650.0;;35.36;190.0;14.18;;;;;;;;;-1.53;0.0299999999999999;5.0;0.19;;;;
221;[Nb+5];;;;;0.6;;;;;;;;;;;;;;;;
222;[Nd+3];;;;390.0;8.0;;;;;;;;;-1.5;0.39;284.0;;-1.4;-1.28;1;148
223;[Ni+2];;;57.1;27.0;9.86;;;;;;;;;;;;1.7;;;;
224;[O+]#C[B-](C(F)(F)F)(C(F)(F)F)C(F)(F)F;404.0;;;;;;;;;;;;;;;;;;;;
225;[PH2+];1100.0;;;;;;;;;;;;;;;;;;;;
226;[Pb+2];;;72.1;7500.0;7.71;;;;;;;;;;;;;;;;
227;[Pd+2];;;;;2.3;;;;;;;;;;;;;;;;
228;[Pr+3];;;60.5;310.0;8.1;;;;;;;;;;0.31;284.0;;;;;
229;[Pt+2];;;;;4.8;;;;;;;;;;;;;;;;
230;[Rb+];;;27.63;;;;;;;;;;;;;;25;;;;
231;[Rh+3];;;;300.0;3.4;;;;;;;;;;;;;;;;
232;[Sb+3];531.5;;;;;;;;;;;;;;;;;;;;
233;[Sb+5];625.0;;;;;;;;;;;;;;;;;;;;
234;[Sc+3];;;;48.0;4.3;;;;;;;;-1.28;-1.43;;;;;;;
235;[Sm+3];;;;590.0;7.9;;;;;;;;;;0.4;291.0;;;;;
236;[Sn+4];469.0;;;;;;;;;;-43.0;;;;;;;;;;
237;[Sr+2];;;34.6;;;;;;;;;;;;;;0.53;;;;
238;[Ta+3];550.0;;;;;;;;;;;;;;;;;;;;
239;[Ta+5];;;;;-1.0;;;;;;;;;;;;;;;;
240;[Tb+3];;;;78.0;7.9;;;;;;;;;;;;;;;;
241;[Ti+4];;;;;2.3;;;;;;;112.0;;;;;;;;;
242;[Tl+3];;;;0.7;0.62;;;;;;;;;;;;;;;;
243;[Tm+3];;;;6.4;7.7;;;;;;;;;;;;;;;;
244;[V+3];;;;1.0;2.26;;;;;;;;;;;;;;;;
245;[Y+3];;;;13.0;7.7;;;;;;;;;;;;;;;;
246;[Yb+3];;;;80.0;7.7;;;;;;;;;;;;;;;;
247;[Zn+2];;;79.8;500.0;8.96;;;;;;;;;;0.32;170.0;1.5;;;;
248;[Zr+4];;;;;0.22;;;;;;;;;;;;;;;;
249;[b+]1oc2ccccc2o1;1210.0;983.0;;;;;;;;;;;;;;;;;;;
250;c1ccc([C+](c2ccccc2)c2ccccc2)cc1;671.0;171.0;;;;;;;;;;;;;;;;;;;
251;c1ccc([P+]c2ccccc2)cc1;828.0;479.0;;;;;;;;;;;;;;;;;;;
252;c1ccc([Sb+2](c2ccccc2)c2ccccc2)cc1;192.0;;;;;;;;;;;;;;;;;;;;
253;CO;124.0;;;;;;;;;;;;;;;;;;;;
254;O;97.0;;;;;1.64;571.0;;;;;;;;;;;;;;
255;Cl;251.0;;;;;;;;;;;;;;;;;;;;
256;F;191.0;;;;;;;;;;;;;;;;;;;;
257;B;278.0;164.0;93.0;;;;;;;;;;;;;;;;;;
258;FB(F)F;297.0;225.0;84.0;;;9.88;1.62;;;138.0;;119.0;;;;;;-1.36;-1.25;3;
259;ClB(Cl)Cl;405.0;279.0;95.9;;;;;67.0;86.0;229.0;;176.0;;;;;;;;;
260;BrB(Br)Br;433.0;307.0;109.3;;;;;;;253.0;-103.0;191.0;;;;;;;;;
261;IB(I)I;444.0;275.0;114.9;;;;;;;263.0;;;;;;;;;;;
262;c1ccc(B(c2ccccc2)c2ccccc2)cc1;342.0;128.0;55.0;;;;;;;;;;;;;;;;;;
263;Cc1cc(C)c(B(c2ccccc2)c2c(C)cc(C)cc2C)c(C)c1;254.0;;;;;;;;;;;;;;;;;;;;
264;NB(N)N;117.0;;;;;;;;;;;;;;;;;;;;
265;OB(O)O;186.0;;;;;;;;;;;;;;;;;;;;
266;FC(F)(F)OB(OC(F)(F)F)OC(F)(F)F;384.0;;;;;;;;;;;;;;;;;;;;
267;O=S(=O)(OB(OS(=O)(=O)C(F)(F)F)OS(=O)(=O)C(F)(F)F)C(F)(F)F;530.0;;;;;;;;;;;;;;;;;;;;
268;Fc1c(F)c(F)c(OB(Oc2c(F)c(F)c(F)c(F)c2F)Oc2c(F)c(F)c(F)c(F)c2F)c(F)c1F;402.0;366.0;88.2;;;;;;;;;;;;;;;;;;
269;FC(F)(F)C(OB(OC(C(F)(F)F)(C(F)(F)F)C(F)(F)F)OC(C(F)(F)F)(C(F)(F)F)C(F)(F)F)(C(F)(F)F)C(F)(F)F;420.0;;;;;;;;;;;;;;;;;;;;
270;O=P(F)(F)OB(OP(=O)(F)F)OP(=O)(F)F;469.0;;;;;;;;;;;;;;;;;;;;
271;SB(S)S;306.0;;;;;;;;;;;;;;;;;;;;
272;F[Te](F)(F)(F)(F)OB(O[Te](F)(F)(F)(F)F)O[Te](F)(F)(F)(F)F;552.0;;;;;;;;;;;;;;;;;;;;
273;COB(F)F;259.0;;;;;;;;;;;;;;;;;;;;
274;COB(F)OC;217.0;;;;;;;;;;;;;;;;;;;;
275;COB(OC)OC;176.0;;23.1;;;;;;;;;;;;;;;;;;
276;CCOB(OCC)OCC;184.0;;17.1;;;;;;;;;;;;;;;;;;
277;CB(C)C;197.0;;;;;6.14;1.7;;;;;;;;;;;;;;
278;CB(C)F;258.0;;;;;;;;;;;;;;;;;;;;
279;CCB(C)CC;259.0;;;;;;;;;;;;;;;;;;;;
280;CCB(F)CC;242.0;;;;;;;;;;;;;;;;;;;;
281;CC(C)B(C(C)C)C(C)C;272.0;;;;;;;;;;;;;;;;;;;;
282;CC(C)B(F)C(C)C;278.0;;;;;;;;;;;;;;;;;;;;
283;Fc1ccc(B(c2ccc(F)cc2)c2ccc(F)cc2)cc1;366.0;;62.51;;;;;;;;;;;;;;;;;;
284;Fc1c(F)c(F)c(B(c2c(F)c(F)c(F)c(F)c2F)c2c(F)c(F)c(F)c(F)c2F)c(F)c1F;454.0;373.0;78.1;;;;;;;;;;;;;;;;;;
285;Fc1cccc(F)c1B(c1c(F)cccc1F)c1c(F)cccc1F;362.0;;69.8;;;;;;;;;;;;;;;;;;
286;Fc1cc(F)c(B(c2c(F)cc(F)cc2F)c2c(F)cc(F)cc2F)c(F)c1;388.0;;;;;;;;;;;;;;;;;;;;
287;Fc1cc(F)c(F)c(B(c2c(F)c(F)cc(F)c2F)c2c(F)c(F)cc(F)c2F)c1F;432.0;;80.2;;;;;;;;;;;;;;;;;;
288;Clc1c(Cl)c(Cl)c(B(c2c(Cl)c(Cl)c(Cl)c(Cl)c2Cl)c2c(Cl)c(Cl)c(Cl)c(Cl)c2Cl)c(Cl)c1Cl;366.0;;;;;;;;;;;;;;;;;;;;
289;FC(F)(F)B(C(F)(F)F)C(F)(F)F;556.0;;;;;;;;;;;;;;;;;;;;
290;Fc1c(F)c(F)c(B(c2c(F)c(F)c(F)c(F)c2F)c2c(F)c(F)c(F)c(F)c2B(c2c(F)c(F)c(F)c(F)c2F)c2c(F)c(F)c(F)c(F)c2F)c(F)c1F;523.0;;;;;;;;;;;;;;;;;;;;
291;Fc1c(F)c(F)c(-c2c(F)c(F)c(F)c(B(c3c(F)c(F)c(F)c(F)c3-c3c(F)c(F)c(F)c(F)c3F)c3c(F)c(F)c(F)c(F)c3-c3c(F)c(F)c(F)c(F)c3F)c2F)c(F)c1F;447.0;;;;;;;;;;;;;;;;;;;;
292;Fc1c(F)c(F)c2c(B(c3c(F)c(F)c(F)c4c(F)c(F)c(F)c(F)c34)c3c(F)c(F)c(F)c4c(F)c(F)c(F)c(F)c34)c(F)c(F)c(F)c2c1F;469.0;;;;;;;;;;;;;;;;;;;;
293;FC(F)(F)c1cc(B(c2cc(C(F)(F)F)cc(C(F)(F)F)c2)c2cc(C(F)(F)F)cc(C(F)(F)F)c2)cc(C(F)(F)F)c1;471.0;;83.8;;;;;;;;;;;;;;;;;;
294;Fc1c(F)c(F)c(B2c3c(F)c(F)c(F)c(F)c3B(c3c(F)c(F)c(F)c(F)c3F)c3c(F)c(F)c(F)c(F)c32)c(F)c1F;477.0;;;;;;;;;;;;;;;;;;;;
295;FC(F)(F)c1ccc(B(c2ccc(C(F)(F)F)cc2)c2ccc(C(F)(F)F)cc2)cc1;499.0;;;;;;;;;;;;;;;;;;;;
296;N#CB(C#N)C#N;551.0;;;;;;;;;;;;;;;;;;;;
297;Fc1c(F)c(F)c(B2C(c3c(F)c(F)c(F)c(F)c3F)=C(c3c(F)c(F)c(F)c(F)c3F)C(c3c(F)c(F)c(F)c(F)c3F)=C2c2c(F)c(F)c(F)c(F)c2F)c(F)c1F;512.0;;;;;;;;;;;;;;;;;;;;
298;CC[Al](CC)CC;386.0;;;;;;;;;;;;;;;;;;;;
299;c1ccc([Al](c2ccccc2)c2ccccc2)cc1;443.0;;;;;;;;;;;;;;;;;;;;
300;Fc1ccc([Al](c2ccc(F)cc2)c2ccc(F)cc2)cc1;467.0;;;;;;;;;;;;;;;;;;;;
301;Fc1c(F)c(F)c([Al](c2c(F)c(F)c(F)c(F)c2F)c2c(F)c(F)c(F)c(F)c2F)c(F)c1F;530.0;;;;;;;;;;;;;;;;;;;;
302;Fc1c(F)c(F)c([Ga](c2c(F)c(F)c(F)c(F)c2F)c2c(F)c(F)c(F)c(F)c2F)c(F)c1F;447.0;;;;;;;;;;;;;;;;;;;;
303;Fc1ccc([Ga](c2ccc(F)cc2)c2ccc(F)cc2)cc1;379.0;;;;;;;;;;;;;;;;;;;;
304;O=C(C(F)(F)F)C(F)(F)F;208.0;;;;;;;;;;;;;;;;;;;;
305;O=C(F)C(F)(F)C(F)(F)F;197.0;;;;;;;;;;;;;;;;;;;;
306;O=C(F)C(F)(F)F;191.0;;;;;;;;;;;;;;;;;;;;
307;O=C(F)C(=O)F;191.0;;;;;;;;;;;;;;;;;;;;
308;O=C(F)F;178.0;;;;;;;;;;;;;;;;;;;;
309;O=C=S;133.0;;;;;;;;;;;;;;;;;;;;
310;O=C=O;133.0;;;;;;;;;;;;;;;;;;;;
311;S=C=S;131.0;;;;;;;;;;;;;;;;;;;;
312;F[Si](F)(F)F;284.0;;;;;;;;;;;;;;;;;;;;
313;C[Si](F)(F)F;257.0;;;;;;;;;;;;;;;;;;;;
314;C[Si](C)(F)F;232.0;;;;;;;;;;;;;;;;;;;;
315;C[Si](C)(C)F;160.0;;;;;;;;;;;;;;;;;;;;
316;C[Si](C)(C)C;125.0;;;;;;;;;;;;;;;;;;;;
317;[SiH4];134.0;;;;;;;;;;;;;;;;;;;;
318;C[SiH2]C;199.0;;;;;;;;;;;;;;;;;;;;
319;C1C[SiH2]1;270.0;;;;;;;;;;;;;;;;;;;;
320;C1C[SiH2]C1;212.0;;;;;;;;;;;;;;;;;;;;
321;C1CC[SiH2]C1;188.0;;;;;;;;;;;;;;;;;;;;
322;O=[Si](F)F;439.0;;;;;;;;;;;;;;;;;;;;
323;FC(F)(F)C(F)(F)[Si](F)(C(F)(F)C(F)(F)F)C(F)(F)C(F)(F)F;443.0;;;;;;;;;;;;;;;;;;;;
324;Fc1c(F)c(F)c([Si](F)(c2c(F)c(F)c(F)c(F)c2F)c2c(F)c(F)c(F)c(F)c2F)c(F)c1F;361.0;;;;;;;;;;;;;;;;;;;;
325;Fc1c(F)c(F)c2c(c1F)O[Si]1(O2)Oc2c(F)c(F)c(F)c(F)c2O1;490.0;;;;;;;;;;;;;;;;;;;;
326;Clc1c(Cl)c(Cl)c2c(c1Cl)O[Si]1(O2)Oc2c(Cl)c(Cl)c(Cl)c(Cl)c2O1;507.0;;;;;;;;;;;;;;;;;;;;
327;C[Si](C)(C)Cl;235.0;218.0;;;;;;;;;;;;;;;;;;;
328;C[Si](C)(C)I;331.0;304.0;;;;;;;;;;;;;;;;;;;
329;C[Si](C)(C)C(S(=O)(=O)C(F)(F)F)(S(=O)(=O)C(F)(F)F)S(=O)(=O)C(F)(F)F;454.0;356.0;;;;;;;;;;;;;;;;;;;
330;C[Si](C)(C)C(S(=O)(=O)C(F)(F)F)S(=O)(=O)C(F)(F)F;443.0;338.0;;;;;;;;;;;;;;;;;;;
331;O=NF;73.0;;;;;;;;;;;;;;;;;;;;
332;FP(F)F;168.0;;;;;;;;;;;;;;;;;;;;
333;O=P(F)(F)F;245.0;;;;;;;;;;;;;;;;;;;;
334;FP(F)(F)(F)F;355.0;;;;;;;;;166.0;;;;;;;;;;;
335;ClP(Cl)(Cl)(Cl)Cl;392.0;;;;;;;;;;;;;;;;;;;;
336;FC(F)(F)C(F)(F)P(F)(F)(C(F)(F)C(F)(F)F)C(F)(F)C(F)(F)F;388.0;;;;;;;;;;;;;;;;;;;;
337;O=P(=O)F;376.0;;;;;;;;;;;;;;;;;;;;
338;F[As](F)F;201.0;;;;;;;;;;;;;;;;;;;;
339;F[As](F)(F)(F)F;464.0;;;;;;;;;;;;;;;;;;;;
340;F[As](F)(F)(F)F.O=S=O;390.0;;;;;;;;;;;;;;;;;;;;
341;F[Te](F)(F)(F)(F)O[As](O[Te](F)(F)(F)(F)F)(O[Te](F)(F)(F)(F)F)(O[Te](F)(F)(F)(F)F)O[Te](F)(F)(F)(F)F;559.0;;;;;;;;;;;;;;;;;;;;
342;O=S=O;183.0;;;;;920.0;808.0;;;;;;;;;;;;;;
343;O=S(=O)=O;326.0;;;;;;;;;;;;;;;;;;;;
344;O=S(F)F;156.0;;;;;;;;;;;;;;;;;;;;
345;O=S(=O)(F)F;150.0;;;;;;;;;;;;;;;;;;;;
346;O=S(F)(F)(F)F;242.0;;;;;;;;;;;;;;;;;;;;
347;FS(F)(F)F;183.0;;;;;;;;;;;;;;;;;;;;
348;F[SH](F)(F)(F)F;51.0;;;;;;;;;;;;;;;;;;;;
349;F[Te](F)(F)F;349.0;;;;;;;;;;;;;;;;;;;;
350;O=[Te](F)(F)(F)F;451.0;;;;;;;;;;;;;;;;;;;;
351;F[Te](F)(F)(F)(F)F;257.0;;;;;;;;;;;;;;;;;;;;
352;F[Se](F)(F)F;298.0;;;;;;;;;;;;;;;;;;;;
353;O=[Se](F)(F)(F)F;364.0;;;;;;;;;;;;;;;;;;;;
354;Fc1c(F)c(F)c([Zn]c2c(F)c(F)c(F)c(F)c2F)c(F)c1F;359.0;;;;;;;;;;;;;;;;;;;;
355;C[Au](C)C;298.0;;;;;;;;;;;;;;;;;;;;
356;FC(F)(F)[Au](C(F)(F)F)C(F)(F)F;433.0;;;;;;;;;;;;;;;;;;;;
357;CCCOB(OCCC)OCCC;;;20.3;;;;;;;;;;;;;;;;;;
358;CCCCOB(OCCCC)OCCCC;;;11.8;;;;;;;;;;;;;;;;;;
359;CC(C)OB(OC(C)C)OC(C)C;;;21.6;;;;;;;;;;;;;;;;;;
360;ClCCOB(OCCCl)OCCCl;;;31.2;;;;;;;;;;;;;;;;;;
361;ClCCCOB(OCCCCl)OCCCCl;;;33.9;;;;;;;;;;;;;;;;;;
362;ClCCCCOB(OCCCCCl)OCCCCCl;;;28.2;;;;;;;;;;;;;;;;;;
363;ClC(Cl)COB(OCC(Cl)Cl)OCC(Cl)Cl;;;59.3;;;;;;;;;;;;;;;;;;
364;ClC(Cl)(Cl)COB(OCC(Cl)(Cl)Cl)OCC(Cl)(Cl)Cl;;;71.2;;;;;;;;;;;;;;;;;;
365;ClCC(CCl)OB(OC(CCl)CCl)OC(CCl)CCl;;;42.7;;;;;;;;;;;;;;;;;;
366;BrCCOB(OCCBr)OCCBr;;;38.1;;;;;;;;;;;;;;;;;;
367;ICCOB(OCCI)OCCI;;;45.6;;;;;;;;;;;;;;;;;;
368;CC(F)(F)COB(OCC(F)(F)F)OCC(F)(F)F;;;66.4;;;;;;;;;;;;;;;;;;
369;CC[Si](CC)(CC)OB(O[Si](CC)(CC)CC)O[Si](CC)(CC)CC;;;34.0;;;;;;;;;;;;;;;;;;
370;CCC[Si](CCC)(CCC)OB(O[Si](CCC)(CCC)CCC)O[Si](CCC)(CCC)CCC;;;28.0;;;;;;;;;;;;;;;;;;
371;CCCC[Si](CCCC)(CCCC)OB(O[Si](CCCC)(CCCC)CCCC)O[Si](CCCC)(CCCC)CCCC;;;23.0;;;;;;;;;;;;;;;;;;
372;CCCC[Si](C)(C)OB(O[Si](C)(C)CCCC)O[Si](C)(C)CCCC;;;36.0;;;;;;;;;;;;;;;;;;
373;C[Si](C)(OB(O[Si](C)(C)c1ccccc1)O[Si](C)(C)c1ccccc1)c1ccccc1;;;29.0;;;;;;;;;;;;;;;;;;
374;CCCC[Sn](CCCC)(CCCC)OB(O[Sn](CCCC)(CCCC)CCCC)O[Sn](CCCC)(CCCC)CCCC;;;25.0;;;;;;;;;;;;;;;;;;
375;CB1OB(C)OB(C)O1;;;51.5;;;;;;;;;;;;;;;;;;
376;c1ccc(B2OB(c3ccccc3)OB(c3ccccc3)O2)cc1;;;49.1;;;;;;;;;;;;;;;;;;
377;Brc1ccc(B2OB(c3ccc(Br)cc3)OB(c3ccc(Br)cc3)O2)cc1;;;50.4;;;;;;;;;;;;;;;;;;
378;Fc1c(F)c(F)c(B2OB(c3c(F)c(F)c(F)c(F)c3F)OB(c3c(F)c(F)c(F)c(F)c3F)O2)c(F)c1F;;;86.2;;;;;;;;;;;;;;;;;;
379;COB1OB(OC)OB(OC)O1;;;78.5;;;;;;;;;;;;;;;;;;
380;CCOB1OB(OCC)OB(OCC)O1;;;80.1;;;;;;;;;;;;;;;;;;
381;CCCOB1OB(OCCC)OB(OCCC)O1;;;79.1;;;;;;;;;;;;;;;;;;
382;CC(C)OB1OB(OC(C)C)OB(OC(C)C)O1;;;73.5;;;;;;;;;;;;;;;;;;
383;CCCCOB1OB(OCCCC)OB(OCCCC)O1;;;77.9;;;;;;;;;;;;;;;;;;
384;ClCCOB1OB(OCCCl)OB(OCCCl)O1;;;79.4;;;;;;;;;;;;;;;;;;
385;ClCCCOB1OB(OCCCCl)OB(OCCCCl)O1;;;77.9;;;;;;;;;;;;;;;;;;
386;ClCCCCOB1OB(OCCCCCl)OB(OCCCCCl)O1;;;77.4;;;;;;;;;;;;;;;;;;
387;ClC(Cl)COB1OB(OCC(Cl)Cl)OB(OCC(Cl)Cl)O1;;;80.5;;;;;;;;;;;;;;;;;;
388;ClC(Cl)(Cl)COB1OB(OCC(Cl)(Cl)Cl)OB(OCC(Cl)(Cl)Cl)O1;;;79.4;;;;;;;;;;;;;;;;;;
389;ClCC(CCl)OB1OB(OC(CCl)CCl)OB(OC(CCl)CCl)O1;;;79.4;;;;;;;;;;;;;;;;;;
390;FC(F)(F)COB1OB(OCC(F)(F)F)OB(OCC(F)(F)F)O1;;;86.1;;;;;;;;;;;;;;;;;;
391;CC[Si](C)(C)OB1OB(O[Si](C)(C)CC)OB(O[Si](C)(C)CC)O1;;;74.0;;;;;;;;;;;;;;;;;;
392;CCCC[Si](C)(C)OB1OB(O[Si](C)(C)CCCC)OB(O[Si](C)(C)CCCC)O1;;;71.0;;;;;;;;;;;;;;;;;;
393;CC(C)C(C)(C)[Si](C)(C)OB1OB(O[Si](C)(C)C(C)(C)C(C)C)OB(O[Si](C)(C)C(C)(C)C(C)C)O1;;;59.0;;;;;;;;;;;;;;;;;;
394;C[Si](C)(OB1OB(O[Si](C)(C)c2ccccc2)OB(O[Si](C)(C)c2ccccc2)O1)c1ccccc1;;;81.0;;;;;;;;;;;;;;;;;;
395;CC[Si](CC)(CC)OB1OB(O[Si](CC)(CC)CC)OB(O[Si](CC)(CC)CC)O1;;;72.0;;;;;;;;;;;;;;;;;;
396;CCC[Si](CCC)(CCC)OB1OB(O[Si](CCC)(CCC)CCC)OB(O[Si](CCC)(CCC)CCC)O1;;;63.0;;;;;;;;;;;;;;;;;;
397;CCCC[Si](CCCC)(CCCC)OB1OB(O[Si](CCCC)(CCCC)CCCC)OB(O[Si](CCCC)(CCCC)CCCC)O1;;;56.0;;;;;;;;;;;;;;;;;;
398;CCCCCC[Si](CCCCCC)(CCCCCC)OB1OB(O[Si](CCCCCC)(CCCCCC)CCCCCC)OB(O[Si](CCCCCC)(CCCCCC)CCCCCC)O1;;;44.0;;;;;;;;;;;;;;;;;;
399;CCCC[Sn](CCCC)(CCCC)OB1OB(O[Sn](CCCC)(CCCC)CCCC)OB(O[Sn](CCCC)(CCCC)CCCC)O1;;;54.0;;;;;;;;;;;;;;;;;;
400;CN1B(c2ccccc2)N(C)B(c2ccccc2)N(C)B1c1ccccc1;;;21.4;;;;;;;;;;;;;;;;;;
401;CCC[Si](CCC)(CCC)OB(O[Si](CCC)(CCC)CCC)c1ccccc1;;;23.0;;;;;;;;;;;;;;;;;;
402;CCC[Si](CCC)(CCC)OB(O[Si](CCC)(CCC)CCC)c1ccccc1C;;;31.0;;;;;;;;;;;;;;;;;;
403;C[Si]1(C)OB(c2cccc(N)c2)O[Si](C)(C)O1;;;22.0;;;;;;;;;;;;;;;;;;
404;C[Si]1(C)OB(c2ccccc2)O[Si](C)(C)O1;;;28.0;;;;;;;;;;;;;;;;;;
405;C[Si]1(c2ccccc2)OB(c2ccc(Br)cc2)O[Si](C)(c2ccccc2)O1;;;27.0;;;;;;;;;;;;;;;;;;
406;C[Si]1(c2ccccc2)OB(c2cccc(N)c2)O[Si](C)(c2ccccc2)O1;;;28.0;;;;;;;;;;;;;;;;;;
407;Cc1ccccc1B1O[Si](C)(C)O[Si](C)(C)O[Si](C)(C)O1;;;29.0;;;;;;;;;;;;;;;;;;
408;Cc1ccc(B2O[Si](C)(C)O[Si](C)(C)O[Si](C)(C)O2)cc1;;;30.0;;;;;;;;;;;;;;;;;;
409;CCCCB1O[Si](C)(C)O[Si](C)(C)O[Si](C)(C)O1;;;30.0;;;;;;;;;;;;;;;;;;
410;c1ccc(B2O[Si](c3ccccc3)(c3ccccc3)OB(c3ccccc3)O[Si](c3ccccc3)(c3ccccc3)O2)cc1;;;59.0;;;;;;;;;;;;;;;;;;
411;Brc1ccc(B2OB(c3ccc(Br)cc3)O[Si](c3ccccc3)(c3ccccc3)O[Si](c3ccccc3)(c3ccccc3)O2)cc1;;;49.0;;;;;;;;;;;;;;;;;;
412;Cc1ccccc1B1OB(c2ccccc2C)O[Si](c2ccccc2)(c2ccccc2)O[Si](c2ccccc2)(c2ccccc2)O1;;;49.0;;;;;;;;;;;;;;;;;;
413;Nc1cccc(B2OB(c3cccc(N)c3)O[Si](c3ccccc3)(c3ccccc3)O[Si](c3ccccc3)(c3ccccc3)O2)c1;;;50.0;;;;;;;;;;;;;;;;;;
414;CCCCB1OB(CCCC)O[Si](c2ccccc2)(c2ccccc2)O[Si](c2ccccc2)(c2ccccc2)O1;;;46.0;;;;;;;;;;;;;;;;;;
415;CCCCCCCC[Si]1(C)OB(c2ccccc2)O[Si](C)(CCCCCCCC)OB(c2ccccc2)O1;;;47.0;;;;;;;;;;;;;;;;;;
416;CCCCCCCC[Si]1(C)OB(c2ccc(Br)cc2)O[Si](C)(CCCCCCCC)OB(c2ccc(Br)cc2)O1;;;52.0;;;;;;;;;;;;;;;;;;
417;CCCC[Sn](CCCC)(CCCC)OB(O[Sn](CCCC)(CCCC)CCCC)c1ccccc1;;;30.0;;;;;;;;;;;;;;;;;;
418;CCCC[Sn](CCCC)(CCCC)OB(O[Sn](CCCC)(CCCC)CCCC)c1ccc(Br)cc1;;;30.0;;;;;;;;;;;;;;;;;;
419;CN(C)B(N(C)C)N(C)C;;;9.0;;;;;;;;;;;;;;;;;;
420;Fc1cc(B(c2cc(F)c(F)c(F)c2F)c2cc(F)c(F)c(F)c2F)c(F)c(F)c1F;;;78.9;;;;;;;;;;;;;;;;;;
421;Fc1c(F)c(F)c(-c2c(F)c(F)c(F)c(F)c2B(c2c(F)c(F)c(F)c(F)c2-c2c(F)c(F)c(F)c(F)c2F)c2c(F)c(F)c(F)c(F)c2-c2c(F)c(F)c(F)c(F)c2F)c(F)c1F;;;87.9;;;;;;;;;;;;;;;;;;
422;Fc1c(F)c(F)c(B(c2c(F)c(F)c(F)c(F)c2F)c2c(Cl)c(Cl)c(Cl)c(Cl)c2Cl)c(F)c1F;;;75.3;;;;;;;;;;;;;;;;;;
423;Fc1c(F)c(F)c(B(c2c(Cl)c(Cl)c(Cl)c(Cl)c2Cl)c2c(Cl)c(Cl)c(Cl)c(Cl)c2Cl)c(F)c1F;;;72.3;;;;;;;;;;;;;;;;;;
424;CC(C)(C)P(c1c(F)c(F)c(F)c(B(c2c(F)c(F)c(F)c(F)c2F)c2c(F)c(F)c(F)c(F)c2F)c1F)C(C)(C)C;;;73.1;;;;;;;;;;;;;;;;;;
425;Cc1cc(C)c(P(c2c(C)cc(C)cc2C)c2c(F)c(F)c(F)c(B(c3c(F)c(F)c(F)c(F)c3F)c3c(F)c(F)c(F)c(F)c3F)c2F)c(C)c1;;;77.0;;;;;;;;;;;;;;;;;;
426;FC(F)(F)c1cc(C(F)(F)F)c(Bc2c(C(F)(F)F)cc(C(F)(F)F)cc2C(F)(F)F)c(C(F)(F)F)c1;;;83.3;;;;;;;;;;;;;;;;;;
427;c1ccc(OB(Oc2ccccc2)Oc2ccccc2)cc1;;;62.8;;;;;;;;;;;;;;;;;;
428;Fc1c(F)c(F)c(OB(c2c(F)c(F)c(F)c(F)c2F)c2c(F)c(F)c(F)c(F)c2F)c(F)c1F;;;86.2;;;;;;;;;;;;;;;;;;
429;Fc1c(F)c(F)c(OB(Oc2c(F)c(F)c(F)c(F)c2F)c2c(F)c(F)c(F)c(F)c2F)c(F)c1F;;;87.3;;;;;;;;;;;;;;;;;;
430;O=S(=O)(OB(F)F)C(F)(F)F;;;96.4;;;;;;;;;;;;;;;;;;
431;CCB(CC)CC;;;24.1;;;;;;;;;;;;;;;;;;
432;OB(O)c1ccccc1;;;49.1;;;;;;;;;;;;;;;;;;
433;c1ccc(B2Oc3ccccc3O2)cc1;;;65.4;;;;;;;;;;;;;;;;;;
434;Fc1ccccc1B1Oc2ccccc2O1;;;73.6;;;;;;;;;;;;;;;;;;
435;Fc1cccc(B2Oc3ccccc3O2)c1;;;69.6;;;;;;;;;;;;;;;;;;
436;Fc1ccc(B2Oc3ccccc3O2)cc1;;;69.0;;;;;;;;;;;;;;;;;;
437;Fc1ccc(B2Oc3ccccc3O2)c(F)c1;;;73.5;;;;;;;;;;;;;;;;;;
438;Fc1cccc(F)c1B1Oc2ccccc2O1;;;73.4;;;;;;;;;;;;;;;;;;
439;Fc1cc(B2Oc3ccccc3O2)cc(F)c1F;;;73.9;;;;;;;;;;;;;;;;;;
440;Fc1cc(F)c(B2Oc3ccccc3O2)c(F)c1;;;70.1;;;;;;;;;;;;;;;;;;
441;Fc1c(F)c(F)c(B2Oc3ccccc3O2)c(F)c1F;;;81.5;;;;;;;;;;;;;;;;;;
442;Fc1c(F)c(F)c(B2OCCO2)c(F)c1F;;;23.3;;;;;;;;;;;;;;;;;;
443;Fc1c(F)c(F)c(B2OC(c3ccccc3)C(c3ccccc3)O2)c(F)c1F;;;29.2;;;;;;;;;;;;;;;;;;
444;CC1(C)COB(c2c(F)c(F)c(F)c(F)c2F)OCC1(C)C;;;13.7;;;;;;;;;;;;;;;;;;
445;Fc1c(F)c(F)c(B2OCc3ccccc3CO2)c(F)c1F;;;30.6;;;;;;;;;;;;;;;;;;
446;CC1(C)OB(c2ccc(F)cc2)OC1(C)C;;;14.0;;;;;;;;;;;;;;;;;;
447;II;;;;;;1.0;1.0;;;;;;;;;;;;;;
448;ClI;;;;;;5.1;830.0;;;;;;;;;;;;;;
449;Sc1ccccc1;;;;;;0.99;198.0;;;;;;;;;;;;;;
450;Oc1ccccc1;;;;;;4.33;442.0;;;;;;;;;;;;;;
451;Cc1ccc(O)cc1;;;;;;4.18;404.0;;;;;;;;;;;;;;
452;Oc1ccc(F)cc1;;;;;;4.17;446.0;;;;;;;;;;;;;;
453;Oc1cccc(F)c1;;;;;;4.42;506.0;;;;;;;;;;;;;;
454;Oc1ccc(Cl)cc1;;;;;;4.34;478.0;;;;;;;;;;;;;;
455;Oc1cccc(C(F)(F)F)c1;;;;;;4.48;530.0;;;;;;;;;;;;;;
456;OCC(F)(F)F;;;;;;3.88;451.0;;;;;;;;;;;;;;
457;OC(C(F)(F)F)C(F)(F)F;;;;;;5.93;623.0;;;;;;;;;;;;;;
458;c1cc[nH]c1;;;;;;2.54;295.0;;;;;;;;;;;;;;
459;ClC(Cl)Cl;;;;;;3.02;159.0;;;;;;;;;;;;;;
460;C[Al](C)C;;;;;;16.9;1.43;;;;;;;;;;;;;;
461;BrI;;;;;;2.41;1.56;;;;;;;;;;;;;;
462;CC(C)(C)c1ccc(O)cc1;;;;;;4.06;387.0;;;;;;;;;;;;;;
463;C[Ga](C)C;;;;;;13.3;881.0;;;;;;;;;;;;;;
464;CC[Ga](CC)CC;;;;;;12.6;593.0;;;;;;;;;;;;;;
465;C[In](C)C;;;;;;15.3;654.0;;;;;;;;;;;;;;
466;CC(C)(C)O;;;;;;2.04;300.0;;;;;;;;;;;;;;
467;Cl[Si](Cl)(Cl)Cl;;;;;;;;8.0;-50.0;;-31.0;4.0;;;;;;;;;
469;;;;;;;;;;;;;;;;0.0;0.0;;;;;